,space_occupied,collision_counts,collision_rate,calling_effort,iteration_label,SOUND_SPEED,SIM_DURATION,TIME_STEP,ARENA_WIDTH,ARENA_LENGTH,WALL_RESOLUTION,NUM_BATS,BAT_SPEED,BAT_FAST_SPEED,BAT_RADIUS,CALL_DURATION,CALL_RATE,CALL_RATE_FAST,EMITTED_SPL,HEARING_THRESHOLD,OBSTACLE_COUNT,OBSTACLE_RADIUS,AIR_ABSORPTION,REFLECTION_LOSS,REFLECTION_LOSS_WALL,PROPENSITY_TO_CHANGE_DIRECTION,FRAME_RATE,CLEANUP_INTERVAL,CLEANUP_PLOT_DATA,TIME_DELAY_FOR_DIRECTION_CHANGE,NOISE_IN_CALL_RATE,CALL_DIRECTIONALITY,HEARING_DIRECTIONALITY,BAT_ROTATION_SPEED,BAT_FRONTAL_RANGE,IMPLEMENT_SNR,HEARING_ANGLE_THRESHOLD,MINIMUM_SOUND_DETECTION_FRACTION,INCLUDE_DIRECT_SOUNDS_IN_RESPONSE,SPL_THRESHOLD_FOR_ATTRACTION,SPL_THRESHOLD_FOR_REPULSION,SPATIAL_REFERENCE_FRAME,BAT_RADIAL_RESOLUTION,BAT_ANGULAR_RESOLUTION,MEMORY_WINDOW_FOR_CONSISTENCY,CONVERT_GRIDS+TO_ONE_HOT_?,NUMBER_OF_CONSISTENT_IPIS_FOR_MOVEMENT,TIME_DELAY_THRESHOLD_FOR_REPULSION,BEHAVIOUR_RULE,CONTROLLER_TYPE,STORE_HEARING,JAMMER_RESOLUTION,TEMPORAL_MASKING_FN_TYPE,OUTPUT_DIR_FOR_SIMULATION,PARAM_LABEL
0,271,24,0.058333333333333334,1,iteration_number_0,343,30,0.001,10,7,0.51,1,5,5,0.125,0.002,10,10,100,100,0,0.075,1,24,10,0,100,0.1,10000000,0.014,0.01,7,2,360,60,yes,90,0.75,yes,93,98,allocentric,0.002,30,5,yes,3.0,0.014,consistency,presence,no,1,chopped,/sensitivity_analysis/paramset_2/,paramset_2
1,260,24,0.060866666666666666,1,iteration_number_1,343,30,0.001,10,7,0.51,1,5,5,0.125,0.002,10,10,100,100,0,0.075,1,24,10,0,100,0.1,10000000,0.014,0.01,7,2,360,60,yes,90,0.75,yes,93,98,allocentric,0.002,30,5,yes,3.0,0.014,consistency,presence,no,1,chopped,/sensitivity_analysis/paramset_2/,paramset_2
2,234,22,0.05856666666666667,1,iteration_number_2,343,30,0.001,10,7,0.51,1,5,5,0.125,0.002,10,10,100,100,0,0.075,1,24,10,0,100,0.1,10000000,0.014,0.01,7,2,360,60,yes,90,0.75,yes,93,98,allocentric,0.002,30,5,yes,3.0,0.014,consistency,presence,no,1,chopped,/sensitivity_analysis/paramset_2/,paramset_2
3,198,24,0.056933333333333336,1,iteration_number_3,343,30,0.001,10,7,0.51,1,5,5,0.125,0.002,10,10,100,100,0,0.075,1,24,10,0,100,0.1,10000000,0.014,0.01,7,2,360,60,yes,90,0.75,yes,93,98,allocentric,0.002,30,5,yes,3.0,0.014,consistency,presence,no,1,chopped,/sensitivity_analysis/paramset_2/,paramset_2
4,261,22,0.0592,1,iteration_number_4,343,30,0.001,10,7,0.51,1,5,5,0.125,0.002,10,10,100,100,0,0.075,1,24,10,0,100,0.1,10000000,0.014,0.01,7,2,360,60,yes,90,0.75,yes,93,98,allocentric,0.002,30,5,yes,3.0,0.014,consistency,presence,no,1,chopped,/sensitivity_analysis/paramset_2/,paramset_2
5,255,25,0.06113333333333333,1,iteration_number_5,343,30,0.001,10,7,0.51,1,5,5,0.125,0.002,10,10,100,100,0,0.075,1,24,10,0,100,0.1,10000000,0.014,0.01,7,2,360,60,yes,90,0.75,yes,93,98,allocentric,0.002,30,5,yes,3.0,0.014,consistency,presence,no,1,chopped,/sensitivity_analysis/paramset_2/,paramset_2
6,225,22,0.05906666666666667,1,iteration_number_6,343,30,0.001,10,7,0.51,1,5,5,0.125,0.002,10,10,100,100,0,0.075,1,24,10,0,100,0.1,10000000,0.014,0.01,7,2,360,60,yes,90,0.75,yes,93,98,allocentric,0.002,30,5,yes,3.0,0.014,consistency,presence,no,1,chopped,/sensitivity_analysis/paramset_2/,paramset_2
7,192,24,0.05896666666666667,1,iteration_number_7,343,30,0.001,10,7,0.51,1,5,5,0.125,0.002,10,10,100,100,0,0.075,1,24,10,0,100,0.1,10000000,0.014,0.01,7,2,360,60,yes,90,0.75,yes,93,98,allocentric,0.002,30,5,yes,3.0,0.014,consistency,presence,no,1,chopped,/sensitivity_analysis/paramset_2/,paramset_2
8,248,24,0.06093333333333333,1,iteration_number_8,343,30,0.001,10,7,0.51,1,5,5,0.125,0.002,10,10,100,100,0,0.075,1,24,10,0,100,0.1,10000000,0.014,0.01,7,2,360,60,yes,90,0.75,yes,93,98,allocentric,0.002,30,5,yes,3.0,0.014,consistency,presence,no,1,chopped,/sensitivity_analysis/paramset_2/,paramset_2
9,186,21,0.059033333333333333,1,iteration_number_9,343,30,0.001,10,7,0.51,1,5,5,0.125,0.002,10,10,100,100,0,0.075,1,24,10,0,100,0.1,10000000,0.014,0.01,7,2,360,60,yes,90,0.75,yes,93,98,allocentric,0.002,30,5,yes,3.0,0.014,consistency,presence,no,1,chopped,/sensitivity_analysis/paramset_2/,paramset_2
10,191,24,0.06026666666666667,1,iteration_number_10,343,30,0.001,10,7,0.51,1,5,5,0.125,0.002,10,10,100,100,0,0.075,1,24,10,0,100,0.1,10000000,0.014,0.01,7,2,360,60,yes,90,0.75,yes,93,98,allocentric,0.002,30,5,yes,3.0,0.014,consistency,presence,no,1,chopped,/sensitivity_analysis/paramset_2/,paramset_2
11,150,21,0.0779,1,iteration_number_11,343,30,0.001,10,7,0.51,1,5,5,0.125,0.002,10,10,100,100,0,0.075,1,24,10,0,100,0.1,10000000,0.014,0.01,7,2,360,60,yes,90,0.75,yes,93,98,allocentric,0.002,30,5,yes,3.0,0.014,consistency,presence,no,1,chopped,/sensitivity_analysis/paramset_2/,paramset_2
12,226,22,0.05683333333333333,1,iteration_number_12,343,30,0.001,10,7,0.51,1,5,5,0.125,0.002,10,10,100,100,0,0.075,1,24,10,0,100,0.1,10000000,0.014,0.01,7,2,360,60,yes,90,0.75,yes,93,98,allocentric,0.002,30,5,yes,3.0,0.014,consistency,presence,no,1,chopped,/sensitivity_analysis/paramset_2/,paramset_2
13,237,24,0.062266666666666665,1,iteration_number_13,343,30,0.001,10,7,0.51,1,5,5,0.125,0.002,10,10,100,100,0,0.075,1,24,10,0,100,0.1,10000000,0.014,0.01,7,2,360,60,yes,90,0.75,yes,93,98,allocentric,0.002,30,5,yes,3.0,0.014,consistency,presence,no,1,chopped,/sensitivity_analysis/paramset_2/,paramset_2
14,266,26,0.060866666666666666,1,iteration_number_14,343,30,0.001,10,7,0.51,1,5,5,0.125,0.002,10,10,100,100,0,0.075,1,24,10,0,100,0.1,10000000,0.014,0.01,7,2,360,60,yes,90,0.75,yes,93,98,allocentric,0.002,30,5,yes,3.0,0.014,consistency,presence,no,1,chopped,/sensitivity_analysis/paramset_2/,paramset_2
15,242,19,0.0623,1,iteration_number_15,343,30,0.001,10,7,0.51,1,5,5,0.125,0.002,10,10,100,100,0,0.075,1,24,10,0,100,0.1,10000000,0.014,0.01,7,2,360,60,yes,90,0.75,yes,93,98,allocentric,0.002,30,5,yes,3.0,0.014,consistency,presence,no,1,chopped,/sensitivity_analysis/paramset_2/,paramset_2
16,203,22,0.059833333333333336,1,iteration_number_16,343,30,0.001,10,7,0.51,1,5,5,0.125,0.002,10,10,100,100,0,0.075,1,24,10,0,100,0.1,10000000,0.014,0.01,7,2,360,60,yes,90,0.75,yes,93,98,allocentric,0.002,30,5,yes,3.0,0.014,consistency,presence,no,1,chopped,/sensitivity_analysis/paramset_2/,paramset_2
17,205,23,0.06016666666666667,1,iteration_number_17,343,30,0.001,10,7,0.51,1,5,5,0.125,0.002,10,10,100,100,0,0.075,1,24,10,0,100,0.1,10000000,0.014,0.01,7,2,360,60,yes,90,0.75,yes,93,98,allocentric,0.002,30,5,yes,3.0,0.014,consistency,presence,no,1,chopped,/sensitivity_analysis/paramset_2/,paramset_2
18,250,24,0.059,1,iteration_number_18,343,30,0.001,10,7,0.51,1,5,5,0.125,0.002,10,10,100,100,0,0.075,1,24,10,0,100,0.1,10000000,0.014,0.01,7,2,360,60,yes,90,0.75,yes,93,98,allocentric,0.002,30,5,yes,3.0,0.014,consistency,presence,no,1,chopped,/sensitivity_analysis/paramset_2/,paramset_2
19,140,15,0.0626,1,iteration_number_19,343,30,0.001,10,7,0.51,1,5,5,0.125,0.002,10,10,100,100,0,0.075,1,24,10,0,100,0.1,10000000,0.014,0.01,7,2,360,60,yes,90,0.75,yes,93,98,allocentric,0.002,30,5,yes,3.0,0.014,consistency,presence,no,1,chopped,/sensitivity_analysis/paramset_2/,paramset_2
20,205,18,0.05466666666666667,1,iteration_number_20,343,30,0.001,10,7,0.51,1,5,5,0.125,0.002,10,10,100,100,0,0.075,1,24,10,0,100,0.1,10000000,0.014,0.01,7,2,360,60,yes,90,0.75,yes,93,98,allocentric,0.002,30,5,yes,3.0,0.014,consistency,presence,no,1,chopped,/sensitivity_analysis/paramset_2/,paramset_2
21,237,25,0.05993333333333333,1,iteration_number_21,343,30,0.001,10,7,0.51,1,5,5,0.125,0.002,10,10,100,100,0,0.075,1,24,10,0,100,0.1,10000000,0.014,0.01,7,2,360,60,yes,90,0.75,yes,93,98,allocentric,0.002,30,5,yes,3.0,0.014,consistency,presence,no,1,chopped,/sensitivity_analysis/paramset_2/,paramset_2
22,199,25,0.06536666666666667,1,iteration_number_22,343,30,0.001,10,7,0.51,1,5,5,0.125,0.002,10,10,100,100,0,0.075,1,24,10,0,100,0.1,10000000,0.014,0.01,7,2,360,60,yes,90,0.75,yes,93,98,allocentric,0.002,30,5,yes,3.0,0.014,consistency,presence,no,1,chopped,/sensitivity_analysis/paramset_2/,paramset_2
23,169,21,0.054433333333333334,1,iteration_number_23,343,30,0.001,10,7,0.51,1,5,5,0.125,0.002,10,10,100,100,0,0.075,1,24,10,0,100,0.1,10000000,0.014,0.01,7,2,360,60,yes,90,0.75,yes,93,98,allocentric,0.002,30,5,yes,3.0,0.014,consistency,presence,no,1,chopped,/sensitivity_analysis/paramset_2/,paramset_2
24,220,25,0.058833333333333335,1,iteration_number_24,343,30,0.001,10,7,0.51,1,5,5,0.125,0.002,10,10,100,100,0,0.075,1,24,10,0,100,0.1,10000000,0.014,0.01,7,2,360,60,yes,90,0.75,yes,93,98,allocentric,0.002,30,5,yes,3.0,0.014,consistency,presence,no,1,chopped,/sensitivity_analysis/paramset_2/,paramset_2
25,110,24,0.0604,1,iteration_number_25,343,30,0.001,10,7,0.51,1,5,5,0.125,0.002,10,10,100,100,0,0.075,1,24,10,0,100,0.1,10000000,0.014,0.01,7,2,360,60,yes,90,0.75,yes,93,98,allocentric,0.002,30,5,yes,3.0,0.014,consistency,presence,no,1,chopped,/sensitivity_analysis/paramset_2/,paramset_2
26,255,25,0.061033333333333335,1,iteration_number_26,343,30,0.001,10,7,0.51,1,5,5,0.125,0.002,10,10,100,100,0,0.075,1,24,10,0,100,0.1,10000000,0.014,0.01,7,2,360,60,yes,90,0.75,yes,93,98,allocentric,0.002,30,5,yes,3.0,0.014,consistency,presence,no,1,chopped,/sensitivity_analysis/paramset_2/,paramset_2
27,207,22,0.057666666666666665,1,iteration_number_27,343,30,0.001,10,7,0.51,1,5,5,0.125,0.002,10,10,100,100,0,0.075,1,24,10,0,100,0.1,10000000,0.014,0.01,7,2,360,60,yes,90,0.75,yes,93,98,allocentric,0.002,30,5,yes,3.0,0.014,consistency,presence,no,1,chopped,/sensitivity_analysis/paramset_2/,paramset_2
28,265,26,0.0614,1,iteration_number_28,343,30,0.001,10,7,0.51,1,5,5,0.125,0.002,10,10,100,100,0,0.075,1,24,10,0,100,0.1,10000000,0.014,0.01,7,2,360,60,yes,90,0.75,yes,93,98,allocentric,0.002,30,5,yes,3.0,0.014,consistency,presence,no,1,chopped,/sensitivity_analysis/paramset_2/,paramset_2
29,260,24,0.059566666666666664,1,iteration_number_29,343,30,0.001,10,7,0.51,1,5,5,0.125,0.002,10,10,100,100,0,0.075,1,24,10,0,100,0.1,10000000,0.014,0.01,7,2,360,60,yes,90,0.75,yes,93,98,allocentric,0.002,30,5,yes,3.0,0.014,consistency,presence,no,1,chopped,/sensitivity_analysis/paramset_2/,paramset_2
30,224,24,0.06,1,iteration_number_30,343,30,0.001,10,7,0.51,1,5,5,0.125,0.002,10,10,100,100,0,0.075,1,24,10,0,100,0.1,10000000,0.014,0.01,7,2,360,60,yes,90,0.75,yes,93,98,allocentric,0.002,30,5,yes,3.0,0.014,consistency,presence,no,1,chopped,/sensitivity_analysis/paramset_2/,paramset_2
31,259,19,0.05676666666666667,1,iteration_number_31,343,30,0.001,10,7,0.51,1,5,5,0.125,0.002,10,10,100,100,0,0.075,1,24,10,0,100,0.1,10000000,0.014,0.01,7,2,360,60,yes,90,0.75,yes,93,98,allocentric,0.002,30,5,yes,3.0,0.014,consistency,presence,no,1,chopped,/sensitivity_analysis/paramset_2/,paramset_2
32,240,20,0.06253333333333333,1,iteration_number_32,343,30,0.001,10,7,0.51,1,5,5,0.125,0.002,10,10,100,100,0,0.075,1,24,10,0,100,0.1,10000000,0.014,0.01,7,2,360,60,yes,90,0.75,yes,93,98,allocentric,0.002,30,5,yes,3.0,0.014,consistency,presence,no,1,chopped,/sensitivity_analysis/paramset_2/,paramset_2
33,231,25,0.05963333333333334,1,iteration_number_33,343,30,0.001,10,7,0.51,1,5,5,0.125,0.002,10,10,100,100,0,0.075,1,24,10,0,100,0.1,10000000,0.014,0.01,7,2,360,60,yes,90,0.75,yes,93,98,allocentric,0.002,30,5,yes,3.0,0.014,consistency,presence,no,1,chopped,/sensitivity_analysis/paramset_2/,paramset_2
34,243,23,0.059166666666666666,1,iteration_number_34,343,30,0.001,10,7,0.51,1,5,5,0.125,0.002,10,10,100,100,0,0.075,1,24,10,0,100,0.1,10000000,0.014,0.01,7,2,360,60,yes,90,0.75,yes,93,98,allocentric,0.002,30,5,yes,3.0,0.014,consistency,presence,no,1,chopped,/sensitivity_analysis/paramset_2/,paramset_2
35,65,15,0.0255,1,iteration_number_35,343,30,0.001,10,7,0.51,1,5,5,0.125,0.002,10,10,100,100,0,0.075,1,24,10,0,100,0.1,10000000,0.014,0.01,7,2,360,60,yes,90,0.75,yes,93,98,allocentric,0.002,30,5,yes,3.0,0.014,consistency,presence,no,1,chopped,/sensitivity_analysis/paramset_2/,paramset_2
36,200,23,0.060833333333333336,1,iteration_number_36,343,30,0.001,10,7,0.51,1,5,5,0.125,0.002,10,10,100,100,0,0.075,1,24,10,0,100,0.1,10000000,0.014,0.01,7,2,360,60,yes,90,0.75,yes,93,98,allocentric,0.002,30,5,yes,3.0,0.014,consistency,presence,no,1,chopped,/sensitivity_analysis/paramset_2/,paramset_2
37,198,19,0.061233333333333334,1,iteration_number_37,343,30,0.001,10,7,0.51,1,5,5,0.125,0.002,10,10,100,100,0,0.075,1,24,10,0,100,0.1,10000000,0.014,0.01,7,2,360,60,yes,90,0.75,yes,93,98,allocentric,0.002,30,5,yes,3.0,0.014,consistency,presence,no,1,chopped,/sensitivity_analysis/paramset_2/,paramset_2
38,126,19,0.057833333333333334,1,iteration_number_38,343,30,0.001,10,7,0.51,1,5,5,0.125,0.002,10,10,100,100,0,0.075,1,24,10,0,100,0.1,10000000,0.014,0.01,7,2,360,60,yes,90,0.75,yes,93,98,allocentric,0.002,30,5,yes,3.0,0.014,consistency,presence,no,1,chopped,/sensitivity_analysis/paramset_2/,paramset_2
39,171,15,0.05616666666666666,1,iteration_number_39,343,30,0.001,10,7,0.51,1,5,5,0.125,0.002,10,10,100,100,0,0.075,1,24,10,0,100,0.1,10000000,0.014,0.01,7,2,360,60,yes,90,0.75,yes,93,98,allocentric,0.002,30,5,yes,3.0,0.014,consistency,presence,no,1,chopped,/sensitivity_analysis/paramset_2/,paramset_2
40,230,24,0.05893333333333333,1,iteration_number_40,343,30,0.001,10,7,0.51,1,5,5,0.125,0.002,10,10,100,100,0,0.075,1,24,10,0,100,0.1,10000000,0.014,0.01,7,2,360,60,yes,90,0.75,yes,93,98,allocentric,0.002,30,5,yes,3.0,0.014,consistency,presence,no,1,chopped,/sensitivity_analysis/paramset_2/,paramset_2
41,263,23,0.060833333333333336,1,iteration_number_41,343,30,0.001,10,7,0.51,1,5,5,0.125,0.002,10,10,100,100,0,0.075,1,24,10,0,100,0.1,10000000,0.014,0.01,7,2,360,60,yes,90,0.75,yes,93,98,allocentric,0.002,30,5,yes,3.0,0.014,consistency,presence,no,1,chopped,/sensitivity_analysis/paramset_2/,paramset_2
42,170,23,0.06256666666666667,1,iteration_number_42,343,30,0.001,10,7,0.51,1,5,5,0.125,0.002,10,10,100,100,0,0.075,1,24,10,0,100,0.1,10000000,0.014,0.01,7,2,360,60,yes,90,0.75,yes,93,98,allocentric,0.002,30,5,yes,3.0,0.014,consistency,presence,no,1,chopped,/sensitivity_analysis/paramset_2/,paramset_2
43,234,21,0.06303333333333333,1,iteration_number_43,343,30,0.001,10,7,0.51,1,5,5,0.125,0.002,10,10,100,100,0,0.075,1,24,10,0,100,0.1,10000000,0.014,0.01,7,2,360,60,yes,90,0.75,yes,93,98,allocentric,0.002,30,5,yes,3.0,0.014,consistency,presence,no,1,chopped,/sensitivity_analysis/paramset_2/,paramset_2
44,173,25,0.06116666666666667,1,iteration_number_44,343,30,0.001,10,7,0.51,1,5,5,0.125,0.002,10,10,100,100,0,0.075,1,24,10,0,100,0.1,10000000,0.014,0.01,7,2,360,60,yes,90,0.75,yes,93,98,allocentric,0.002,30,5,yes,3.0,0.014,consistency,presence,no,1,chopped,/sensitivity_analysis/paramset_2/,paramset_2
45,179,20,0.06253333333333333,1,iteration_number_45,343,30,0.001,10,7,0.51,1,5,5,0.125,0.002,10,10,100,100,0,0.075,1,24,10,0,100,0.1,10000000,0.014,0.01,7,2,360,60,yes,90,0.75,yes,93,98,allocentric,0.002,30,5,yes,3.0,0.014,consistency,presence,no,1,chopped,/sensitivity_analysis/paramset_2/,paramset_2
46,241,20,0.0596,1,iteration_number_46,343,30,0.001,10,7,0.51,1,5,5,0.125,0.002,10,10,100,100,0,0.075,1,24,10,0,100,0.1,10000000,0.014,0.01,7,2,360,60,yes,90,0.75,yes,93,98,allocentric,0.002,30,5,yes,3.0,0.014,consistency,presence,no,1,chopped,/sensitivity_analysis/paramset_2/,paramset_2
47,204,24,0.0604,1,iteration_number_47,343,30,0.001,10,7,0.51,1,5,5,0.125,0.002,10,10,100,100,0,0.075,1,24,10,0,100,0.1,10000000,0.014,0.01,7,2,360,60,yes,90,0.75,yes,93,98,allocentric,0.002,30,5,yes,3.0,0.014,consistency,presence,no,1,chopped,/sensitivity_analysis/paramset_2/,paramset_2
48,235,19,0.0611,1,iteration_number_48,343,30,0.001,10,7,0.51,1,5,5,0.125,0.002,10,10,100,100,0,0.075,1,24,10,0,100,0.1,10000000,0.014,0.01,7,2,360,60,yes,90,0.75,yes,93,98,allocentric,0.002,30,5,yes,3.0,0.014,consistency,presence,no,1,chopped,/sensitivity_analysis/paramset_2/,paramset_2
49,193,25,0.0625,1,iteration_number_49,343,30,0.001,10,7,0.51,1,5,5,0.125,0.002,10,10,100,100,0,0.075,1,24,10,0,100,0.1,10000000,0.014,0.01,7,2,360,60,yes,90,0.75,yes,93,98,allocentric,0.002,30,5,yes,3.0,0.014,consistency,presence,no,1,chopped,/sensitivity_analysis/paramset_2/,paramset_2
50,265,23,0.06266666666666666,1,iteration_number_50,343,30,0.001,10,7,0.51,1,5,5,0.125,0.002,10,10,100,100,0,0.075,1,24,10,0,100,0.1,10000000,0.014,0.01,7,2,360,60,yes,90,0.75,yes,93,98,allocentric,0.002,30,5,yes,3.0,0.014,consistency,presence,no,1,chopped,/sensitivity_analysis/paramset_2/,paramset_2
51,255,20,0.06326666666666667,1,iteration_number_51,343,30,0.001,10,7,0.51,1,5,5,0.125,0.002,10,10,100,100,0,0.075,1,24,10,0,100,0.1,10000000,0.014,0.01,7,2,360,60,yes,90,0.75,yes,93,98,allocentric,0.002,30,5,yes,3.0,0.014,consistency,presence,no,1,chopped,/sensitivity_analysis/paramset_2/,paramset_2
52,228,24,0.062,1,iteration_number_52,343,30,0.001,10,7,0.51,1,5,5,0.125,0.002,10,10,100,100,0,0.075,1,24,10,0,100,0.1,10000000,0.014,0.01,7,2,360,60,yes,90,0.75,yes,93,98,allocentric,0.002,30,5,yes,3.0,0.014,consistency,presence,no,1,chopped,/sensitivity_analysis/paramset_2/,paramset_2
53,214,25,0.06046666666666667,1,iteration_number_53,343,30,0.001,10,7,0.51,1,5,5,0.125,0.002,10,10,100,100,0,0.075,1,24,10,0,100,0.1,10000000,0.014,0.01,7,2,360,60,yes,90,0.75,yes,93,98,allocentric,0.002,30,5,yes,3.0,0.014,consistency,presence,no,1,chopped,/sensitivity_analysis/paramset_2/,paramset_2
54,215,17,0.0555,1,iteration_number_54,343,30,0.001,10,7,0.51,1,5,5,0.125,0.002,10,10,100,100,0,0.075,1,24,10,0,100,0.1,10000000,0.014,0.01,7,2,360,60,yes,90,0.75,yes,93,98,allocentric,0.002,30,5,yes,3.0,0.014,consistency,presence,no,1,chopped,/sensitivity_analysis/paramset_2/,paramset_2
55,147,17,0.06266666666666666,1,iteration_number_55,343,30,0.001,10,7,0.51,1,5,5,0.125,0.002,10,10,100,100,0,0.075,1,24,10,0,100,0.1,10000000,0.014,0.01,7,2,360,60,yes,90,0.75,yes,93,98,allocentric,0.002,30,5,yes,3.0,0.014,consistency,presence,no,1,chopped,/sensitivity_analysis/paramset_2/,paramset_2
56,253,24,0.059333333333333335,1,iteration_number_56,343,30,0.001,10,7,0.51,1,5,5,0.125,0.002,10,10,100,100,0,0.075,1,24,10,0,100,0.1,10000000,0.014,0.01,7,2,360,60,yes,90,0.75,yes,93,98,allocentric,0.002,30,5,yes,3.0,0.014,consistency,presence,no,1,chopped,/sensitivity_analysis/paramset_2/,paramset_2
57,221,25,0.059666666666666666,1,iteration_number_57,343,30,0.001,10,7,0.51,1,5,5,0.125,0.002,10,10,100,100,0,0.075,1,24,10,0,100,0.1,10000000,0.014,0.01,7,2,360,60,yes,90,0.75,yes,93,98,allocentric,0.002,30,5,yes,3.0,0.014,consistency,presence,no,1,chopped,/sensitivity_analysis/paramset_2/,paramset_2
58,235,23,0.061033333333333335,1,iteration_number_58,343,30,0.001,10,7,0.51,1,5,5,0.125,0.002,10,10,100,100,0,0.075,1,24,10,0,100,0.1,10000000,0.014,0.01,7,2,360,60,yes,90,0.75,yes,93,98,allocentric,0.002,30,5,yes,3.0,0.014,consistency,presence,no,1,chopped,/sensitivity_analysis/paramset_2/,paramset_2
59,233,22,0.059,1,iteration_number_59,343,30,0.001,10,7,0.51,1,5,5,0.125,0.002,10,10,100,100,0,0.075,1,24,10,0,100,0.1,10000000,0.014,0.01,7,2,360,60,yes,90,0.75,yes,93,98,allocentric,0.002,30,5,yes,3.0,0.014,consistency,presence,no,1,chopped,/sensitivity_analysis/paramset_2/,paramset_2
60,186,24,0.058133333333333335,1,iteration_number_60,343,30,0.001,10,7,0.51,1,5,5,0.125,0.002,10,10,100,100,0,0.075,1,24,10,0,100,0.1,10000000,0.014,0.01,7,2,360,60,yes,90,0.75,yes,93,98,allocentric,0.002,30,5,yes,3.0,0.014,consistency,presence,no,1,chopped,/sensitivity_analysis/paramset_2/,paramset_2
61,207,16,0.056933333333333336,1,iteration_number_61,343,30,0.001,10,7,0.51,1,5,5,0.125,0.002,10,10,100,100,0,0.075,1,24,10,0,100,0.1,10000000,0.014,0.01,7,2,360,60,yes,90,0.75,yes,93,98,allocentric,0.002,30,5,yes,3.0,0.014,consistency,presence,no,1,chopped,/sensitivity_analysis/paramset_2/,paramset_2
62,229,24,0.060733333333333334,1,iteration_number_62,343,30,0.001,10,7,0.51,1,5,5,0.125,0.002,10,10,100,100,0,0.075,1,24,10,0,100,0.1,10000000,0.014,0.01,7,2,360,60,yes,90,0.75,yes,93,98,allocentric,0.002,30,5,yes,3.0,0.014,consistency,presence,no,1,chopped,/sensitivity_analysis/paramset_2/,paramset_2
63,265,23,0.0623,1,iteration_number_63,343,30,0.001,10,7,0.51,1,5,5,0.125,0.002,10,10,100,100,0,0.075,1,24,10,0,100,0.1,10000000,0.014,0.01,7,2,360,60,yes,90,0.75,yes,93,98,allocentric,0.002,30,5,yes,3.0,0.014,consistency,presence,no,1,chopped,/sensitivity_analysis/paramset_2/,paramset_2
64,196,22,0.0587,1,iteration_number_64,343,30,0.001,10,7,0.51,1,5,5,0.125,0.002,10,10,100,100,0,0.075,1,24,10,0,100,0.1,10000000,0.014,0.01,7,2,360,60,yes,90,0.75,yes,93,98,allocentric,0.002,30,5,yes,3.0,0.014,consistency,presence,no,1,chopped,/sensitivity_analysis/paramset_2/,paramset_2
65,267,24,0.058,1,iteration_number_65,343,30,0.001,10,7,0.51,1,5,5,0.125,0.002,10,10,100,100,0,0.075,1,24,10,0,100,0.1,10000000,0.014,0.01,7,2,360,60,yes,90,0.75,yes,93,98,allocentric,0.002,30,5,yes,3.0,0.014,consistency,presence,no,1,chopped,/sensitivity_analysis/paramset_2/,paramset_2
66,279,26,0.0602,1,iteration_number_66,343,30,0.001,10,7,0.51,1,5,5,0.125,0.002,10,10,100,100,0,0.075,1,24,10,0,100,0.1,10000000,0.014,0.01,7,2,360,60,yes,90,0.75,yes,93,98,allocentric,0.002,30,5,yes,3.0,0.014,consistency,presence,no,1,chopped,/sensitivity_analysis/paramset_2/,paramset_2
67,201,23,0.05963333333333334,1,iteration_number_67,343,30,0.001,10,7,0.51,1,5,5,0.125,0.002,10,10,100,100,0,0.075,1,24,10,0,100,0.1,10000000,0.014,0.01,7,2,360,60,yes,90,0.75,yes,93,98,allocentric,0.002,30,5,yes,3.0,0.014,consistency,presence,no,1,chopped,/sensitivity_analysis/paramset_2/,paramset_2
68,163,21,0.06043333333333333,1,iteration_number_68,343,30,0.001,10,7,0.51,1,5,5,0.125,0.002,10,10,100,100,0,0.075,1,24,10,0,100,0.1,10000000,0.014,0.01,7,2,360,60,yes,90,0.75,yes,93,98,allocentric,0.002,30,5,yes,3.0,0.014,consistency,presence,no,1,chopped,/sensitivity_analysis/paramset_2/,paramset_2
69,244,24,0.059666666666666666,1,iteration_number_69,343,30,0.001,10,7,0.51,1,5,5,0.125,0.002,10,10,100,100,0,0.075,1,24,10,0,100,0.1,10000000,0.014,0.01,7,2,360,60,yes,90,0.75,yes,93,98,allocentric,0.002,30,5,yes,3.0,0.014,consistency,presence,no,1,chopped,/sensitivity_analysis/paramset_2/,paramset_2
70,191,23,0.0625,1,iteration_number_70,343,30,0.001,10,7,0.51,1,5,5,0.125,0.002,10,10,100,100,0,0.075,1,24,10,0,100,0.1,10000000,0.014,0.01,7,2,360,60,yes,90,0.75,yes,93,98,allocentric,0.002,30,5,yes,3.0,0.014,consistency,presence,no,1,chopped,/sensitivity_analysis/paramset_2/,paramset_2
71,276,25,0.06043333333333333,1,iteration_number_71,343,30,0.001,10,7,0.51,1,5,5,0.125,0.002,10,10,100,100,0,0.075,1,24,10,0,100,0.1,10000000,0.014,0.01,7,2,360,60,yes,90,0.75,yes,93,98,allocentric,0.002,30,5,yes,3.0,0.014,consistency,presence,no,1,chopped,/sensitivity_analysis/paramset_2/,paramset_2
72,190,22,0.056666666666666664,1,iteration_number_72,343,30,0.001,10,7,0.51,1,5,5,0.125,0.002,10,10,100,100,0,0.075,1,24,10,0,100,0.1,10000000,0.014,0.01,7,2,360,60,yes,90,0.75,yes,93,98,allocentric,0.002,30,5,yes,3.0,0.014,consistency,presence,no,1,chopped,/sensitivity_analysis/paramset_2/,paramset_2
73,21,21,0.0357,1,iteration_number_73,343,30,0.001,10,7,0.51,1,5,5,0.125,0.002,10,10,100,100,0,0.075,1,24,10,0,100,0.1,10000000,0.014,0.01,7,2,360,60,yes,90,0.75,yes,93,98,allocentric,0.002,30,5,yes,3.0,0.014,consistency,presence,no,1,chopped,/sensitivity_analysis/paramset_2/,paramset_2
74,67,21,0.0357,1,iteration_number_74,343,30,0.001,10,7,0.51,1,5,5,0.125,0.002,10,10,100,100,0,0.075,1,24,10,0,100,0.1,10000000,0.014,0.01,7,2,360,60,yes,90,0.75,yes,93,98,allocentric,0.002,30,5,yes,3.0,0.014,consistency,presence,no,1,chopped,/sensitivity_analysis/paramset_2/,paramset_2
75,112,21,0.0803,1,iteration_number_75,343,30,0.001,10,7,0.51,1,5,5,0.125,0.002,10,10,100,100,0,0.075,1,24,10,0,100,0.1,10000000,0.014,0.01,7,2,360,60,yes,90,0.75,yes,93,98,allocentric,0.002,30,5,yes,3.0,0.014,consistency,presence,no,1,chopped,/sensitivity_analysis/paramset_2/,paramset_2
76,291,22,0.06193333333333333,1,iteration_number_76,343,30,0.001,10,7,0.51,1,5,5,0.125,0.002,10,10,100,100,0,0.075,1,24,10,0,100,0.1,10000000,0.014,0.01,7,2,360,60,yes,90,0.75,yes,93,98,allocentric,0.002,30,5,yes,3.0,0.014,consistency,presence,no,1,chopped,/sensitivity_analysis/paramset_2/,paramset_2
77,259,25,0.06196666666666667,1,iteration_number_77,343,30,0.001,10,7,0.51,1,5,5,0.125,0.002,10,10,100,100,0,0.075,1,24,10,0,100,0.1,10000000,0.014,0.01,7,2,360,60,yes,90,0.75,yes,93,98,allocentric,0.002,30,5,yes,3.0,0.014,consistency,presence,no,1,chopped,/sensitivity_analysis/paramset_2/,paramset_2
78,257,24,0.059666666666666666,1,iteration_number_78,343,30,0.001,10,7,0.51,1,5,5,0.125,0.002,10,10,100,100,0,0.075,1,24,10,0,100,0.1,10000000,0.014,0.01,7,2,360,60,yes,90,0.75,yes,93,98,allocentric,0.002,30,5,yes,3.0,0.014,consistency,presence,no,1,chopped,/sensitivity_analysis/paramset_2/,paramset_2
79,180,22,0.059,1,iteration_number_79,343,30,0.001,10,7,0.51,1,5,5,0.125,0.002,10,10,100,100,0,0.075,1,24,10,0,100,0.1,10000000,0.014,0.01,7,2,360,60,yes,90,0.75,yes,93,98,allocentric,0.002,30,5,yes,3.0,0.014,consistency,presence,no,1,chopped,/sensitivity_analysis/paramset_2/,paramset_2
80,196,16,0.05853333333333333,1,iteration_number_80,343,30,0.001,10,7,0.51,1,5,5,0.125,0.002,10,10,100,100,0,0.075,1,24,10,0,100,0.1,10000000,0.014,0.01,7,2,360,60,yes,90,0.75,yes,93,98,allocentric,0.002,30,5,yes,3.0,0.014,consistency,presence,no,1,chopped,/sensitivity_analysis/paramset_2/,paramset_2
81,232,24,0.0624,1,iteration_number_81,343,30,0.001,10,7,0.51,1,5,5,0.125,0.002,10,10,100,100,0,0.075,1,24,10,0,100,0.1,10000000,0.014,0.01,7,2,360,60,yes,90,0.75,yes,93,98,allocentric,0.002,30,5,yes,3.0,0.014,consistency,presence,no,1,chopped,/sensitivity_analysis/paramset_2/,paramset_2
82,112,21,0.10343333333333334,1,iteration_number_82,343,30,0.001,10,7,0.51,1,5,5,0.125,0.002,10,10,100,100,0,0.075,1,24,10,0,100,0.1,10000000,0.014,0.01,7,2,360,60,yes,90,0.75,yes,93,98,allocentric,0.002,30,5,yes,3.0,0.014,consistency,presence,no,1,chopped,/sensitivity_analysis/paramset_2/,paramset_2
83,233,25,0.06246666666666666,1,iteration_number_83,343,30,0.001,10,7,0.51,1,5,5,0.125,0.002,10,10,100,100,0,0.075,1,24,10,0,100,0.1,10000000,0.014,0.01,7,2,360,60,yes,90,0.75,yes,93,98,allocentric,0.002,30,5,yes,3.0,0.014,consistency,presence,no,1,chopped,/sensitivity_analysis/paramset_2/,paramset_2
84,245,25,0.05996666666666667,1,iteration_number_84,343,30,0.001,10,7,0.51,1,5,5,0.125,0.002,10,10,100,100,0,0.075,1,24,10,0,100,0.1,10000000,0.014,0.01,7,2,360,60,yes,90,0.75,yes,93,98,allocentric,0.002,30,5,yes,3.0,0.014,consistency,presence,no,1,chopped,/sensitivity_analysis/paramset_2/,paramset_2
85,253,24,0.0602,1,iteration_number_85,343,30,0.001,10,7,0.51,1,5,5,0.125,0.002,10,10,100,100,0,0.075,1,24,10,0,100,0.1,10000000,0.014,0.01,7,2,360,60,yes,90,0.75,yes,93,98,allocentric,0.002,30,5,yes,3.0,0.014,consistency,presence,no,1,chopped,/sensitivity_analysis/paramset_2/,paramset_2
86,260,25,0.0611,1,iteration_number_86,343,30,0.001,10,7,0.51,1,5,5,0.125,0.002,10,10,100,100,0,0.075,1,24,10,0,100,0.1,10000000,0.014,0.01,7,2,360,60,yes,90,0.75,yes,93,98,allocentric,0.002,30,5,yes,3.0,0.014,consistency,presence,no,1,chopped,/sensitivity_analysis/paramset_2/,paramset_2
87,241,25,0.0603,1,iteration_number_87,343,30,0.001,10,7,0.51,1,5,5,0.125,0.002,10,10,100,100,0,0.075,1,24,10,0,100,0.1,10000000,0.014,0.01,7,2,360,60,yes,90,0.75,yes,93,98,allocentric,0.002,30,5,yes,3.0,0.014,consistency,presence,no,1,chopped,/sensitivity_analysis/paramset_2/,paramset_2
88,208,21,0.05923333333333333,1,iteration_number_88,343,30,0.001,10,7,0.51,1,5,5,0.125,0.002,10,10,100,100,0,0.075,1,24,10,0,100,0.1,10000000,0.014,0.01,7,2,360,60,yes,90,0.75,yes,93,98,allocentric,0.002,30,5,yes,3.0,0.014,consistency,presence,no,1,chopped,/sensitivity_analysis/paramset_2/,paramset_2
89,174,21,0.0569,1,iteration_number_89,343,30,0.001,10,7,0.51,1,5,5,0.125,0.002,10,10,100,100,0,0.075,1,24,10,0,100,0.1,10000000,0.014,0.01,7,2,360,60,yes,90,0.75,yes,93,98,allocentric,0.002,30,5,yes,3.0,0.014,consistency,presence,no,1,chopped,/sensitivity_analysis/paramset_2/,paramset_2
90,212,17,0.0593,1,iteration_number_90,343,30,0.001,10,7,0.51,1,5,5,0.125,0.002,10,10,100,100,0,0.075,1,24,10,0,100,0.1,10000000,0.014,0.01,7,2,360,60,yes,90,0.75,yes,93,98,allocentric,0.002,30,5,yes,3.0,0.014,consistency,presence,no,1,chopped,/sensitivity_analysis/paramset_2/,paramset_2
91,206,22,0.05893333333333333,1,iteration_number_91,343,30,0.001,10,7,0.51,1,5,5,0.125,0.002,10,10,100,100,0,0.075,1,24,10,0,100,0.1,10000000,0.014,0.01,7,2,360,60,yes,90,0.75,yes,93,98,allocentric,0.002,30,5,yes,3.0,0.014,consistency,presence,no,1,chopped,/sensitivity_analysis/paramset_2/,paramset_2
92,222,23,0.05876666666666667,1,iteration_number_92,343,30,0.001,10,7,0.51,1,5,5,0.125,0.002,10,10,100,100,0,0.075,1,24,10,0,100,0.1,10000000,0.014,0.01,7,2,360,60,yes,90,0.75,yes,93,98,allocentric,0.002,30,5,yes,3.0,0.014,consistency,presence,no,1,chopped,/sensitivity_analysis/paramset_2/,paramset_2
93,241,26,0.061266666666666664,1,iteration_number_93,343,30,0.001,10,7,0.51,1,5,5,0.125,0.002,10,10,100,100,0,0.075,1,24,10,0,100,0.1,10000000,0.014,0.01,7,2,360,60,yes,90,0.75,yes,93,98,allocentric,0.002,30,5,yes,3.0,0.014,consistency,presence,no,1,chopped,/sensitivity_analysis/paramset_2/,paramset_2
94,175,16,0.062266666666666665,1,iteration_number_94,343,30,0.001,10,7,0.51,1,5,5,0.125,0.002,10,10,100,100,0,0.075,1,24,10,0,100,0.1,10000000,0.014,0.01,7,2,360,60,yes,90,0.75,yes,93,98,allocentric,0.002,30,5,yes,3.0,0.014,consistency,presence,no,1,chopped,/sensitivity_analysis/paramset_2/,paramset_2
95,249,18,0.05673333333333333,1,iteration_number_95,343,30,0.001,10,7,0.51,1,5,5,0.125,0.002,10,10,100,100,0,0.075,1,24,10,0,100,0.1,10000000,0.014,0.01,7,2,360,60,yes,90,0.75,yes,93,98,allocentric,0.002,30,5,yes,3.0,0.014,consistency,presence,no,1,chopped,/sensitivity_analysis/paramset_2/,paramset_2
96,257,23,0.059166666666666666,1,iteration_number_96,343,30,0.001,10,7,0.51,1,5,5,0.125,0.002,10,10,100,100,0,0.075,1,24,10,0,100,0.1,10000000,0.014,0.01,7,2,360,60,yes,90,0.75,yes,93,98,allocentric,0.002,30,5,yes,3.0,0.014,consistency,presence,no,1,chopped,/sensitivity_analysis/paramset_2/,paramset_2
97,239,25,0.0635,1,iteration_number_97,343,30,0.001,10,7,0.51,1,5,5,0.125,0.002,10,10,100,100,0,0.075,1,24,10,0,100,0.1,10000000,0.014,0.01,7,2,360,60,yes,90,0.75,yes,93,98,allocentric,0.002,30,5,yes,3.0,0.014,consistency,presence,no,1,chopped,/sensitivity_analysis/paramset_2/,paramset_2
98,245,25,0.06363333333333333,1,iteration_number_98,343,30,0.001,10,7,0.51,1,5,5,0.125,0.002,10,10,100,100,0,0.075,1,24,10,0,100,0.1,10000000,0.014,0.01,7,2,360,60,yes,90,0.75,yes,93,98,allocentric,0.002,30,5,yes,3.0,0.014,consistency,presence,no,1,chopped,/sensitivity_analysis/paramset_2/,paramset_2
99,119,24,0.06,1,iteration_number_99,343,30,0.001,10,7,0.51,1,5,5,0.125,0.002,10,10,100,100,0,0.075,1,24,10,0,100,0.1,10000000,0.014,0.01,7,2,360,60,yes,90,0.75,yes,93,98,allocentric,0.002,30,5,yes,3.0,0.014,consistency,presence,no,1,chopped,/sensitivity_analysis/paramset_2/,paramset_2
